Job ID,Job URL,Job Title,Company Name,Status,Timestamp,WP ID
953cf3adce6e9cbd,https://ca.linkedin.com/jobs/view/greenskeeper-at-city-of-brantford-4436930951,Greenskeeper,,scraped,2026-07-07T00:01:38.681455,
d58076cd1b295598,https://ca.linkedin.com/jobs/view/cookie-delivery-driver-at-insomnia-cookies-4435305716,Cookie Delivery Driver,Insomnia Cookies,posted,2026-07-07T00:02:59.811133,21
4278e75d99fbab9b,https://ca.linkedin.com/jobs/view/millwork-estimator-at-leedwood-ltd-4436710449,millwork estimator,,scraped,2026-07-07T00:03:02.485889,
44023c25f635cefd,https://ca.linkedin.com/jobs/view/watch-clerk-at-city-of-campbell-river-4436949144,Watch Clerk,,scraped,2026-07-07T00:04:12.516137,
ecb732ee93922fd6,https://ca.linkedin.com/jobs/view/expeditor-abbotsford-at-cactus-club-cafe-4399456317,Expeditor | Abbotsford,,scraped,2026-07-07T00:05:23.356750,
4688254a27e19d12,https://ca.linkedin.com/jobs/view/compensation-specialist-at-city-of-brantford-4436951058,Compensation Specialist,,scraped,2026-07-07T00:05:29.726759,
7a34f1fc3613b450,https://ca.linkedin.com/jobs/view/key-holder-retail-store-at-canna-cabana-4436944219,Key holder - retail store,,scraped,2026-07-07T00:06:39.796288,
886f0edf436f559d,https://ca.linkedin.com/jobs/view/merchandise-processing-team-member-kingston-full-time-at-talize-4436416083,Merchandise Processing Team Member - Kingston (Full Time),,scraped,2026-07-07T00:07:50.255614,
44cf26f9f713c7cd,https://ca.linkedin.com/jobs/view/front-end-bookkeeper-at-no-frills-4436421152,Front end/Bookkeeper,,scraped,2026-07-07T00:07:57.320897,
b490480e772283cb,https://ca.linkedin.com/jobs/view/key-holder-retail-store-at-canna-cabana-4436936616,Key holder - retail store,,scraped,2026-07-07T00:08:05.655976,
829210b857eeeed1,https://ca.linkedin.com/jobs/view/laundry-at-pikes-peak-post-acute-4435351978,Laundry,Pikes Peak Post Acute,posted,2026-07-07T00:09:24.647586,23
ce3b956e50e57b5e,https://ca.linkedin.com/jobs/view/join-our-talent-community%21-at-savvas-learning-company-4316588704,Join Our Talent Community!,Savvas Learning Company,posted,2026-07-07T00:09:34.732723,25
20c9dbd07caa7d17,https://ca.linkedin.com/jobs/view/pepsico-beverages-full-time-delivery-driver-at-pepsico-4384718873,PepsiCo Beverages Full Time Delivery Driver,PepsiCo,posted,2026-07-07T00:09:45.042726,27
c392671ac13038d1,https://ca.linkedin.com/jobs/view/delivery-specialist-at-goeasy-ltd-4431978102,Delivery Specialist,goeasy Ltd.,posted,2026-07-07T00:09:59.378746,29
9b827a9d99f99bd1,https://ca.linkedin.com/jobs/view/customer-service-representative-at-u-haul-4437444912,customer service representative,U-Haul,posted,2026-07-07T00:10:10.464375,31
56df4fed7e23d40b,https://ca.linkedin.com/jobs/view/handyperson-at-ipg-4436900226,Handyperson,IPG,posted,2026-07-07T00:10:20.817322,33
490606fe33cefd69,https://ca.linkedin.com/jobs/view/traffic-control-person-pei-ttc-at-titan-traffic-control-4427576431,Traffic Control Person - PEI TTC,,scraped,2026-07-07T00:10:23.459136,
ae6c97226d9db0eb,https://ca.linkedin.com/jobs/view/security-estimator-at-convergint-4422254223,Security Estimator,Convergint,posted,2026-07-07T00:11:41.948375,35
2e71b229a4228ce2,https://ca.linkedin.com/jobs/view/parts-cleaner-at-standardaero-4436721619,Parts Cleaner,StandardAero,posted,2026-07-07T00:11:51.890245,37
35795e606184d539,https://ca.linkedin.com/jobs/view/community-representative-live-in-at-homestead-land-holdings-limited-4432348418,Community Representative (Live-in),,scraped,2026-07-07T00:11:54.665040,
13c6bac4d83174ea,https://ca.linkedin.com/jobs/view/warehouse-worker-at-thermon-4436986207,Warehouse Worker,Thermon,posted,2026-07-07T00:12:08.542444,39
b67143e29baebdc9,https://ca.linkedin.com/jobs/view/transportation-logistics-supervisor-at-cargo-county-group-4436760481,Transportation logistics supervisor,,scraped,2026-07-07T00:12:11.288463,
295dea85c17b52a2,https://ca.linkedin.com/jobs/view/customer-success-manager-at-cwill-4437487172,Customer Success Manager,CWILL,posted,2026-07-07T00:12:25.237929,41
e3a84f74f039b70c,https://ca.linkedin.com/jobs/view/clerk-b-service-desk-representative-at-city-of-winnipeg-4436740904,Clerk B - Service Desk Representative,,scraped,2026-07-07T00:12:27.962097,
d611683aaf192a09,https://ca.linkedin.com/jobs/view/customer-experience-manager-at-jobgether-4436065982,Customer Experience Manager,,scraped,2026-07-07T00:12:34.811541,
d6d9b9c1fa474c8e,https://ca.linkedin.com/jobs/view/human-resources-assistant-at-recruitlytic-hiring-4437147402,Human Resources Assistant,Recruitlytic Hiring,posted,2026-07-07T00:12:48.583056,43
65db02cd5c6c6e72,https://ca.linkedin.com/jobs/view/head-of-customer-success-at-northern-business-intelligence-4436223555,Head of Customer Success,Northern Business Intelligence,posted,2026-07-07T00:13:02.738453,45
f529839665bc938d,https://ca.linkedin.com/jobs/view/assembleur-journalier-de-soir-at-fen%C3%AAtres-magistral-4437126390,ASSEMBLEUR / JOURNALIER DE SOIR,,scraped,2026-07-07T00:13:05.477368,
ebf246d9cc5e0c84,https://ca.linkedin.com/jobs/view/housekeeper-at-belmont-house-4436985656,Housekeeper,,scraped,2026-07-07T00:13:13.988840,
1742df68d77c2087,https://ca.linkedin.com/jobs/view/social-media-assistant-at-go-studios-4436230537,Social Media Assistant,GO Studios,posted,2026-07-07T00:13:30.805285,47
8ced928bd404f8c3,https://ca.linkedin.com/jobs/view/scheduler-timekeeper-at-canadian-blood-services-4437485471,Scheduler/Timekeeper,,scraped,2026-07-07T00:13:33.437884,
dd85228c40e4433c,https://ca.linkedin.com/jobs/view/payroll-benefits-coordinator-at-southmedic-inc-4436241008,Payroll Benefits Coordinator,,scraped,2026-07-07T00:13:40.340464,
0ba5071ac133452c,https://ca.linkedin.com/jobs/view/courier-at-dynacare-4437419721,Courier,,scraped,2026-07-07T00:13:47.330546,
2bbbf5abd144e2bd,https://ca.linkedin.com/jobs/view/commercial-cleaner-at-dexterra-group-4436770865,Commercial Cleaner,,scraped,2026-07-07T00:13:53.815673,
8780dff8b568eb70,https://ca.linkedin.com/jobs/view/entry-level-at-west-fraser-4414208958,Entry Level,,scraped,2026-07-07T00:14:00.408983,
bd09d4de46a2330e,https://ca.linkedin.com/jobs/view/%E2%98%80%EF%B8%8Fprofessional-home-cleaner-%E2%80%93-health-dental-benefits-at-maidpro-thornhill-4433182487,☀️Professional Home Cleaner – Health & Dental Benefits,,scraped,2026-07-07T00:14:06.779553,
1719d525df6a9160,https://ca.linkedin.com/jobs/view/housekeeper-at-freebridge-cleaning-services-4433727177,Housekeeper,,scraped,2026-07-07T00:15:16.735220,
d63a50585c194df0,https://ca.linkedin.com/jobs/view/money-room-clerk-full-time-at-brink%E2%80%99s-inc-4414360486,Money Room Clerk (Full-time),Brink’s Inc,posted,2026-07-07T00:16:35.739468,49
1cf054eabc672394,https://ca.linkedin.com/jobs/view/assistant-front-store-manager-at-shoppers-drug-mart-4436906118,Assistant Front Store Manager,,scraped,2026-07-07T00:16:38.382952,
186475c309e122ff,https://ca.linkedin.com/jobs/view/asset-management-coordinator-at-uap-inc-4437410550,Asset Management Coordinator,,scraped,2026-07-07T00:16:44.677293,
60f6848a9288c8f8,https://ca.linkedin.com/jobs/view/president-of-wiehler-mechanical-at-wiehler-mechanical-ltd-4437440420,President of Wiehler Mechanical,,scraped,2026-07-07T00:16:51.818976,
d6ac0641cb7f3f4c,https://ca.linkedin.com/jobs/view/frontend-developer-at-1280-labs-4436218295,Frontend Developer,1280 Labs,posted,2026-07-07T00:17:12.338969,51
964deca336254cda,https://ca.linkedin.com/jobs/view/bioprinting-co-op-september-at-aspect-biosystems-4436793781,Bioprinting Co-op - September,,scraped,2026-07-07T00:17:14.959040,
bf6ce2b394e80548,https://ca.linkedin.com/jobs/view/project-manager-at-j-m-group-4437439688,Project Manager,J&M Group,posted,2026-07-07T00:17:32.326246,53
f9869ba632335484,https://ca.linkedin.com/jobs/view/coordinator-events-at-restaurants-canada-4436247823,"Coordinator, Events",,scraped,2026-07-07T00:17:34.976542,
a12ce836a839f02b,https://ca.linkedin.com/jobs/view/executive-administrative-assistant-at-omnicom-media-4437467307,Executive Administrative Assistant,Omnicom Media,posted,2026-07-07T00:17:48.052115,55
ddc714368d9455a7,https://ca.linkedin.com/jobs/view/production-coordinator-project-manager-at-tag-4436250765,Production Coordinator / Project Manager,Tag,posted,2026-07-07T00:18:03.985848,57
5abf0ef1ec2e6b61,https://ca.linkedin.com/jobs/view/manager-people-and-culture-at-tully-luxury-travel-4436232430,"Manager, People and Culture",,scraped,2026-07-07T00:18:06.789107,
277d9ef76efc9d45,https://ca.linkedin.com/jobs/view/senior-director-growth-marketing-at-jobgether-4435772446,"Senior Director, Growth Marketing",,scraped,2026-07-07T00:19:17.944120,
5a1102efc5edbbb0,https://ca.linkedin.com/jobs/view/growth-associate-at-venn-4436038696,Growth Associate,,scraped,2026-07-07T00:19:24.727927,
da04263f43471034,https://ca.linkedin.com/jobs/view/general-labour-packer-at-pure-flavor%C2%AE-farms-4436933995,General Labour - Packer,,scraped,2026-07-07T00:21:41.734797,
b09a1d70664a0524,https://ca.linkedin.com/jobs/view/remote-customer-assistant-administration-at-recruitlytic-hiring-4437137693,Remote Customer Assistant | Administration,Recruitlytic Hiring,posted,2026-07-07T00:23:00.171422,59
d8aee06058c59a02,https://ca.linkedin.com/jobs/view/pastoral-leader%0Aedv-2026-aaw-78867-at-ernulf-academy-4436481026,"Pastoral Leader
EDV/2026/AAW/78867",,scraped,2026-07-07T00:23:02.651978,
f90520895a14f861,https://ca.linkedin.com/jobs/view/the-city-of-guelph-at-city-of-guelph-4435703992,The City of Guelph,,scraped,2026-07-07T00:24:13.313606,
3f145710b1f6d2e4,https://ca.linkedin.com/jobs/view/installateur-trice-aide-installateur-trice-de-portes-et-fen%C3%AAtres-at-fen%C3%AAtres-magistral-4437111846,INSTALLATEUR(TRICE)/AIDE-INSTALLATEUR(TRICE) DE PORTES ET FENÊTRES,,scraped,2026-07-07T00:24:19.547226,
1adadbce8f44193e,https://ca.linkedin.com/jobs/view/form-carpenter-at-empirica-infrastructure-4436942314,form carpenter,Empirica Infrastructure,posted,2026-07-07T00:25:44.036216,61
7daf15c26bc85129,https://ca.linkedin.com/jobs/view/data-analyst-at-ardent-softsol-inc-4436210585,Data Analyst,,scraped,2026-07-07T00:25:46.778397,
767bc7a85ae6f38c,https://ca.linkedin.com/jobs/view/assembleur-journalier-de-jour-at-fen%C3%AAtres-magistral-4437123444,ASSEMBLEUR / JOURNALIER DE JOUR,,scraped,2026-07-07T00:26:56.932829,
ee200719e58ce724,https://ca.linkedin.com/jobs/view/purchasing-associate-at-the-cardy-group-4436226859,Purchasing Associate,,scraped,2026-07-07T00:27:05.008882,
c5358220c610ec3d,https://ca.linkedin.com/jobs/view/project-manager-business-change-at-matchbox-consulting-group-4437475266,Project Manager - Business Change,,scraped,2026-07-07T00:27:14.306349,
a6b3e95200245f90,https://ca.linkedin.com/jobs/view/utility-locator-at-ln-land-development-technologies-inc-4437138449,utility locator,,scraped,2026-07-07T00:27:21.134613,
eeda604daa9a12fc,https://ca.linkedin.com/jobs/view/employer-engagement-specialist-at-serco-4436778527,Employer Engagement Specialist,Serco,posted,2026-07-07T00:27:39.381859,63
049453252f827164,https://ca.linkedin.com/jobs/view/nanny-at-tactical-medical-service-4436227484,Nanny,,scraped,2026-07-07T00:27:42.012348,
7e4f10a0cb86ef11,https://ca.linkedin.com/jobs/view/vehicle-shuttler-at-clutch-4406903323,Vehicle Shuttler,,scraped,2026-07-07T00:27:50.456010,
520e4e17e999012a,https://ca.linkedin.com/jobs/view/maintenance-planner-at-dessert-holdings-4410309692,Maintenance Planner,Dessert Holdings,posted,2026-07-07T00:28:04.725387,65
25c8d47ab622f9e6,https://ca.linkedin.com/jobs/view/payroll-specialist-canada-at-interfor-4427225698,Payroll Specialist (Canada),,scraped,2026-07-07T00:28:07.364421,
94d35809b7050bd5,https://ca.linkedin.com/jobs/view/pre-tunnel-inspection-unifirst-canada-at-unifirst-corporation-4436999729,Pre-Tunnel Inspection - UniFirst Canada,UniFirst Corporation,posted,2026-07-07T00:28:23.129583,67
18999ad98fc55678,https://ca.linkedin.com/jobs/view/general-labourer-6am-2-30pm-at-triumvirate-environmental-4433098408,General Labourer  - 6AM-2:30PM,Triumvirate Environmental,posted,2026-07-07T00:28:34.442573,69
5b55221f4843febe,https://ca.linkedin.com/jobs/view/housekeeping-runner-at-four-points-by-sheraton-kelowna-airport-4433715459,Housekeeping Runner,Four Points by Sheraton Kelowna Airport,posted,2026-07-07T00:28:48.090789,71
b8afdc381cf11126,https://ca.linkedin.com/jobs/view/general-duty-cleaner-at-commercial-cleaning-services-4416331698,General Duty Cleaner,,scraped,2026-07-07T00:28:50.778157,
89056c11237558f5,https://ca.linkedin.com/jobs/view/key-holder-retail-store-at-canna-cabana-4436963030,Key holder - retail store,,scraped,2026-07-07T00:30:01.264884,
ac9ecc83ce9219fc,https://ca.linkedin.com/jobs/view/key-holder-retail-store-at-canna-cabana-4436949111,Key holder - retail store,,scraped,2026-07-07T00:30:07.706815,
4ceaa1914a4490e9,https://ca.linkedin.com/jobs/view/key-holder-retail-store-at-canna-cabana-4436495884,Key holder - retail store,,scraped,2026-07-07T00:31:17.807464,
21a69e0c93d3044a,https://ca.linkedin.com/jobs/view/key-holder-retail-store-at-canna-cabana-4436943214,Key holder - retail store,,scraped,2026-07-07T00:31:24.158100,
4da64e29e7c9a7b4,https://ca.linkedin.com/jobs/view/expeditor-douglas-street-at-cactus-club-cafe-4398617710,Expeditor | Douglas Street,,scraped,2026-07-07T00:31:30.622925,
73cbb207cd5b5b6a,https://ca.linkedin.com/jobs/view/key-holder-retail-store-at-canna-cabana-4436932760,Key holder - retail store,,scraped,2026-07-07T00:32:40.669889,
40523a3db2981928,https://ca.linkedin.com/jobs/view/security-estimator-at-convergint-4425663841,Security Estimator,Convergint,posted,2026-07-07T00:33:54.285824,35
f8272c716abbc277,https://ca.linkedin.com/jobs/view/traffic-control-person-nova-scotia-ttc-at-titan-traffic-control-4427581054,Traffic Control Person - Nova Scotia TTC,,scraped,2026-07-07T00:33:56.904749,
3a02e518e6388cbf,https://ca.linkedin.com/jobs/view/key-holder-retail-store-at-canna-cabana-4436930904,Key holder - retail store,,scraped,2026-07-07T00:34:03.198145,
8b4904b5afba8e20,https://ca.linkedin.com/jobs/view/expeditor-langley-at-cactus-club-cafe-4398621154,Expeditor | Langley,,scraped,2026-07-07T00:34:09.521479,
2b68540574247d39,https://ca.linkedin.com/jobs/view/building-operator-live-in-at-skyline-group-of-companies-4424621935,"Building Operator, Live-In",,scraped,2026-07-07T00:35:19.677351,
b90081c5ae32454e,https://ca.linkedin.com/jobs/view/full-time-can-stock-unloader-associate-at-walmart-canada-4413395414,Full Time (CAN) Stock Unloader Associate,,scraped,2026-07-07T00:36:29.870233,
efb81c51bfcd3be7,https://ca.linkedin.com/jobs/view/department-supervisor-full-time-at-the-home-depot-canada-4435259097,Department Supervisor: Full Time,,scraped,2026-07-07T00:36:36.436026,
38510250b53879b6,https://ca.linkedin.com/jobs/view/spontaneous-application-calgary-at-germain-h%C3%B4tels-4359587012,Spontaneous Application - Calgary,,scraped,2026-07-07T00:36:43.696912,
95298242accf3dc6,https://ca.linkedin.com/jobs/view/assistant-resident-manager-live-in-at-skyline-group-of-companies-4417518374,"Assistant Resident Manager, Live-In",,scraped,2026-07-07T00:37:54.024655,
01b3472f3f6e3b7d,https://ca.linkedin.com/jobs/view/department-supervisor-full-time-brampton-n-at-the-home-depot-canada-4436236671,Department Supervisor Full Time - BRAMPTON N,,scraped,2026-07-07T00:38:00.521021,
bacf8758a7ad0ead,https://ca.linkedin.com/jobs/view/cleaner-at-skyline-group-of-companies-4428073389,Cleaner,,scraped,2026-07-07T00:38:07.444538,
ff36aa4e928f5cde,https://ca.linkedin.com/jobs/view/expeditor-bentall-at-cactus-club-cafe-4396359804,Expeditor | Bentall,,scraped,2026-07-07T00:38:13.788712,
9eeed292007d8613,https://ca.linkedin.com/jobs/view/pepsico-beverages-full-time-delivery-driver-at-pepsico-4422753897,PepsiCo Beverages Full-Time Delivery Driver,PepsiCo,posted,2026-07-07T00:39:26.159984,27
0b7b959002f9fc92,https://ca.linkedin.com/jobs/view/expeditor-station-square-at-cactus-club-cafe-4396352268,Expeditor | Station Square,,scraped,2026-07-07T00:39:28.836854,
14f6c0acf8fc2fea,https://ca.linkedin.com/jobs/view/detailer-at-eblock-4427071119,Detailer,,scraped,2026-07-07T00:39:35.199645,
812429db977fb9fb,https://ca.linkedin.com/jobs/view/assistant-resident-manager-at-skyline-group-of-companies-4412794733,Assistant Resident Manager,,scraped,2026-07-07T00:39:41.750500,
fff2fbd6beedde5c,https://ca.linkedin.com/jobs/view/pest-technician-we-ll-train%21-base-salary-commission-bonus-included-at-abell-pest-control-4436481975,"Pest Technician - We'll Train! (Base Salary, Commission & Bonus included)",,scraped,2026-07-07T00:40:51.890060,
c4a1a87faf319491,https://ca.linkedin.com/jobs/view/can-deli-associate-at-walmart-canada-4406067279,(CAN) DELI ASSOCIATE,,scraped,2026-07-07T00:40:59.396841,
9aadfd24fe868ef9,https://ca.linkedin.com/jobs/view/pepsico-beverages-full-time-merchandiser-at-pepsico-4423179473,PepsiCo Beverages Full-Time Merchandiser,PepsiCo,posted,2026-07-07T00:41:15.281037,73
96bade56d2328aa5,https://ca.linkedin.com/jobs/view/expeditor-southpoint-mall-at-cactus-club-cafe-4399441005,Expeditor | Southpoint Mall,,scraped,2026-07-07T00:41:17.909222,
4bdb53e4d23bd568,https://ca.linkedin.com/jobs/view/assistant-resident-manager-live-in-at-skyline-group-of-companies-4435477378,"Assistant Resident Manager, Live-In",,scraped,2026-07-07T00:41:24.284335,
3fed0f0749fb257a,https://ca.linkedin.com/jobs/view/courier-at-fedex-canada-4426560918,CAN Driver,,scraped,2026-07-07T00:41:30.735685,
83397a2612f7f021,https://ca.linkedin.com/jobs/view/shift-supervisor-store%23-83724-251-elmsdale-rd-at-starbucks-4436207443,"shift supervisor - Store# 83724, 251 ELMSDALE RD.",Starbucks,posted,2026-07-07T00:42:50.345874,75
8bc2b565bac75fe6,https://ca.linkedin.com/jobs/view/assistant-store-manager-at-canna-cabana-4434968685,Assistant store manager,,scraped,2026-07-07T00:42:53.044424,
b4c729713c46cc2f,https://ca.linkedin.com/jobs/view/project-manager-at-whs-inc-4436469281,Project Manager,WHS Inc.,posted,2026-07-07T00:43:02.320552,53
cb0fa2880e69b090,https://ca.linkedin.com/jobs/view/dishwasher-at-sultan-ahmet-turkish-cuisine-4435483150,Dishwasher,Sultan Ahmet Turkish Cuisine,posted,2026-07-07T00:43:15.632331,77
3e808f02e8bef3e4,https://ca.linkedin.com/jobs/view/administrative-assistant-at-armelo-engineering-inc-4436036627,Administrative Assistant,,scraped,2026-07-07T00:43:18.302488,
79e1abaa5548f07a,https://ca.linkedin.com/jobs/view/project-co-ordinator-construction-at-wright-construction-western-inc-4436949217,"project co-ordinator, construction",,scraped,2026-07-07T00:43:24.866539,
ec2c35600794bc54,https://ca.linkedin.com/jobs/view/environmental-field-technician-at-geo-morphix-ltd-4436247419,Environmental Field Technician,,scraped,2026-07-07T00:43:32.235282,
ea736b91977aab66,https://ca.linkedin.com/jobs/view/account-manager-at-savvy-talent-4437442349,Account Manager,Savvy Talent,posted,2026-07-07T00:43:46.588028,79
94bb690237a71982,https://ca.linkedin.com/jobs/view/project-manager-%E2%80%93-strategic-initiatives-6-month-contract-at-rfl-wealth-management-4435723630,Project Manager – Strategic Initiatives (6-Month Contract),,scraped,2026-07-07T00:43:49.328132,
b5f69eaf86311c52,https://ca.linkedin.com/jobs/view/paralegal-at-ins-market-4436252589,Paralegal,,scraped,2026-07-07T00:43:55.964635,
8a8ec6e69b735c3b,https://ca.linkedin.com/jobs/view/data-analyst-analytics-insights-at-university-health-network-4435156906,"Data Analyst, Analytics & Insights",,scraped,2026-07-07T00:44:02.380217,
80f4e09c302eb0c6,https://ca.linkedin.com/jobs/view/ai-data-annotator-freelance-english-at-toloka-annotators-4437140963,AI Data Annotator - Freelance (English),Toloka Annotators,posted,2026-07-07T00:44:15.759285,81
8c0e7605f7ab9523,https://ca.linkedin.com/jobs/view/lead-internal-communications-manager-at-jobgether-4435429000,Lead Internal Communications Manager,,scraped,2026-07-07T00:44:18.454663,
b6882d6a8eb97a78,https://ca.linkedin.com/jobs/view/registered-dietitian-remote-at-modern-menopause-4437457325,Registered Dietitian (Remote),,scraped,2026-07-07T00:45:28.731997,
64930638d7cb932f,https://ca.linkedin.com/jobs/view/brand-communications-pr-thought-leadership-manager-at-jobgether-4436000144,"Brand Communications, PR & Thought Leadership Manager",,scraped,2026-07-07T00:47:44.899785,
71c3e2ba68179307,https://ca.linkedin.com/jobs/view/apprentice-electrician-at-ptw-energy-services-4435478803,Apprentice Electrician,,scraped,2026-07-07T00:47:51.406419,
f9863578d67b8665,https://ca.linkedin.com/jobs/view/general-laborer-greenhouse-at-pure-flavor%C2%AE-farms-4436948431,General Laborer Greenhouse,,scraped,2026-07-07T00:48:01.200711,
75acdd2b39016793,https://ca.linkedin.com/jobs/view/community-relations-specialist-at-jobgether-4435758934,Community Relations Specialist,,scraped,2026-07-07T00:48:07.908634,
5e20b862584dc38f,https://ca.linkedin.com/jobs/view/associate-regulatory-affairs-at-sun-pharma-4435794619,"Associate, Regulatory Affairs",SUN PHARMA,posted,2026-07-07T00:49:31.376676,83
d655113efa73d591,https://ca.linkedin.com/jobs/view/technical-support-engineer-canada-at-autofleet-4436083139,Technical Support Engineer- Canada,,scraped,2026-07-07T00:49:34.157602,
ce3ccaaecf769f35,https://ca.linkedin.com/jobs/view/sr-financial-analyst-corporate-fp-a-at-jobgether-4435416982,"Sr. Financial Analyst, Corporate FP&A",,scraped,2026-07-07T00:49:41.570463,
9343906687672551,https://ca.linkedin.com/jobs/view/patient-admin-associate-barzakay-clinic-regular-full-time-2026-17945-2026-17945-at-sunnybrook-4436762441,Patient Admin Associate - Barzakay Clinic - Regular Full-Time - 2026-17945 (2026-17945),,scraped,2026-07-07T00:50:54.058329,
37191bd1f4297625,https://ca.linkedin.com/jobs/view/manager-marketing-operations-13368-at-toronto-transit-commission-ttc-4436234443,"Manager, Marketing Operations (13368)",,scraped,2026-07-07T00:51:01.228273,
d7c2c70c1276bc52,https://ca.linkedin.com/jobs/view/software-developer-new-grad-at-ixl-learning-4435281629,"Software Developer, New Grad",IXL Learning,posted,2026-07-07T00:51:15.640465,85
a6a5d862e603bc5e,https://ca.linkedin.com/jobs/view/operations-supply-chain-coordinator-at-sheba-microsystems-inc-4436246475,Operations & Supply Chain Coordinator,,scraped,2026-07-07T00:51:18.366907,
3d85e4ca85d1adf3,https://ca.linkedin.com/jobs/view/creative-director-graphic-designer-at-judith-charles-4435484058,Creative Director & Graphic Designer,,scraped,2026-07-07T00:51:25.771501,
e74e44e81a92a6ef,https://ca.linkedin.com/jobs/view/process-analyst-at-insight-global-4435479178,Process Analyst,Insight Global,posted,2026-07-07T00:52:44.189528,87
3a08f34a8466f969,https://ca.linkedin.com/jobs/view/administrative-assistant-at-marble-trend-ltd-4437126112,administrative assistant,Marble Trend Ltd.,posted,2026-07-07T00:52:58.171178,89
41660cdb86ccb2a0,https://ca.linkedin.com/jobs/view/host-the-eddie-burger-bar-at-banff-hospitality-collective-4437475705,Host - The Eddie Burger & Bar,,scraped,2026-07-07T00:53:00.750460,
582b7dff8d95d09f,https://ca.linkedin.com/jobs/view/vp-of-business-development-energy-industrial-projects-at-acero-engineering-4436227608,VP of Business Development (Energy & Industrial Projects),,scraped,2026-07-07T00:53:07.759929,
1ee76c4287731317,https://ca.linkedin.com/jobs/view/diet-technician-at-winnipeg-regional-health-authority-wrha-4436935721,Diet Technician,,scraped,2026-07-07T00:54:31.957179,
b40afd9cf8bac71b,https://ca.linkedin.com/jobs/view/diet-technician-at-winnipeg-regional-health-authority-wrha-4436931974,Diet Technician,,scraped,2026-07-07T00:54:39.177470,
55dd231e470efd30,https://ca.linkedin.com/jobs/view/customer-success-manager-at-athennian-4437458070,Customer Success Manager,,scraped,2026-07-07T00:54:46.577301,
b492cbc07f10e082,https://ca.linkedin.com/jobs/view/serveur-serveuse-at-auberge-du-lac-taureau-4436972191,Serveur/Serveuse,,scraped,2026-07-07T00:54:53.205778,
104ec608533ee2f3,https://ca.linkedin.com/jobs/view/technical-business-analyst-at-scotiabank-4435478728,Technical Business Analyst,,scraped,2026-07-07T00:55:00.213616,
e8b2ee2b36b0af04,https://ca.linkedin.com/jobs/view/technical-business-analyst-at-scotiabank-4435483483,Technical Business Analyst,,scraped,2026-07-07T00:55:06.778765,
2d967b1761f1339e,https://ca.linkedin.com/jobs/view/wildlife-and-habitat-conservation-scientist-at-alignerr-4436461247,Wildlife and Habitat Conservation Scientist,Alignerr,posted,2026-07-07T00:56:24.570615,91
29d7cc40900f3c91,https://ca.linkedin.com/jobs/view/manager-social-media-marketing-at-melanie-auld-jewelry-4436262225,"Manager, Social Media & Marketing",,scraped,2026-07-07T00:56:27.305569,
fd662e7ec663f573,https://ca.linkedin.com/jobs/view/analytics-engineer-ca-at-cuesta-partners-4436784814,Analytics Engineer | CA,Cuesta Partners,posted,2026-07-07T00:56:40.066728,93
9f349a14da31d879,https://ca.linkedin.com/jobs/view/sales-coordinator-at-blume-4435483163,Sales Coordinator,,scraped,2026-07-07T00:56:42.796792,
02b079e93033838a,https://ca.linkedin.com/jobs/view/analytics-engineer-data-at-jobgether-4435764122,"Analytics Engineer, Data",,scraped,2026-07-07T00:56:50.153004,
aec9f517baf8b974,https://ca.linkedin.com/jobs/view/frontend-developer-at-hcltech-4436210887,Frontend Developer,,scraped,2026-07-07T00:56:56.916816,
915aaa28e505ae9e,https://ca.linkedin.com/jobs/view/health-safety-coordinator-at-ozz-electric-inc-4437430657,Health & Safety Coordinator,,scraped,2026-07-07T00:57:04.044888,
08f3bd9d7142b477,https://ca.linkedin.com/jobs/view/executive-assistant-to-the-superintendent-ceo-and-board-services-at-sturgeon-public-school-division-4436244686,Executive Assistant to the Superintendent/CEO and Board Services,,scraped,2026-07-07T00:57:10.500571,
97c9220c20509797,https://ca.linkedin.com/jobs/view/scheduling-clerk-home-care-at-winnipeg-regional-health-authority-wrha-4436933804,Scheduling Clerk - Home Care,,scraped,2026-07-07T00:58:20.500117,
37d7efb019d971fb,https://ca.linkedin.com/jobs/view/social-worker-income-support-at-government-of-yukon-4437162055,Social Worker - Income Support,Government of Yukon,posted,2026-07-07T00:59:42.462514,95
4ff15e62c2809880,https://ca.linkedin.com/jobs/view/financial-bookkeeper-full-cycle-at-formcor-inc-4436219943,Financial Bookkeeper (Full-Cycle),,scraped,2026-07-07T00:59:45.115638,
fe9dcf478becbcbe,https://ca.linkedin.com/jobs/view/project-manager-at-helic-co-4437441404,Project Manager,,scraped,2026-07-07T00:59:51.699110,
0c2dce8342ae3763,https://ca.linkedin.com/jobs/view/contract-accounts-payable-coordinator-at-jobgether-4435408504,Contract Accounts Payable Coordinator,,scraped,2026-07-07T00:59:58.559797,
1be8f8f20c288651,https://ca.linkedin.com/jobs/view/graphic-designer-content-creator-at-sundayy-4437164374,Graphic Designer & Content Creator,Sundayy,posted,2026-07-07T01:00:11.547212,97
f46ff2eab458b73a,https://ca.linkedin.com/jobs/view/new-business-development-specialist-barrie-on-at-grouphealth-benefit-solutions-4398050709,"New Business Development Specialist (Barrie, ON)",,scraped,2026-07-07T01:00:14.237525,
fa70d88a95a00be9,https://ca.linkedin.com/jobs/view/future-opportunities-at-colab-at-colab-4387882908,Future Opportunities at CoLab,,scraped,2026-07-07T01:00:21.164999,
4d1fb69dd156a95f,https://ca.linkedin.com/jobs/view/personal-support-worker-at-bayshore-healthcare-4424839802,Personal Support Worker,,scraped,2026-07-07T01:00:28.349566,
68842ff692a40b07,https://ca.linkedin.com/jobs/view/customer-service-representative-at-u-haul-4436402455,Customer Service Representative,U-Haul,posted,2026-07-07T01:00:37.612121,31
cafde46b97353c0e,https://ca.linkedin.com/jobs/view/flooring-estimator-at-hays-4424800408,Flooring Estimator,,scraped,2026-07-07T01:00:40.270283,
2820723896da2f57,https://ca.linkedin.com/jobs/view/day-porter-at-dexterra-group-4428131704,day porter,,scraped,2026-07-07T01:00:47.944622,
124fe3b3a5d14997,https://ca.linkedin.com/jobs/view/front-end-team-member-full-or-part-time-at-the-root-cellar-village-green-grocer-4436420379,Front End Team Member Full or Part Time,The Root Cellar Village Green Grocer,posted,2026-07-07T01:01:02.966290,99
500c587cd623cbe8,https://ca.linkedin.com/jobs/view/housekeeper-at-atria-retirement-canada-4436104558,Housekeeper,Atria Retirement Canada,posted,2026-07-07T01:01:12.737365,101
63828a5ea16d4854,https://ca.linkedin.com/jobs/view/home-comfort-advisor-north-bay-area-at-reliance-home-comfort-4417507332,Home Comfort Advisor - North Bay Area,,scraped,2026-07-07T01:01:15.421121,
f0a07e6e4ba22025,https://ca.linkedin.com/jobs/view/production-talent-pool-future-opportunties-at-snackruptors-inc-4423163294,Production Talent Pool - Future Opportunties,,scraped,2026-07-07T01:01:22.885218,
20956e9909a5685a,https://ca.linkedin.com/jobs/view/senior-financial-analyst-at-nestl%C3%A9-4437418925,Senior Financial Analyst,Nestlé,posted,2026-07-07T01:02:43.186778,103
fb9cbd32b8259746,https://ca.linkedin.com/jobs/view/legal-counsel-corporate-at-acc-san-diego-association-of-corporate-counsel-4436907049,Legal Counsel - Corporate,,scraped,2026-07-07T01:02:45.892233,
fb1089b22b494372,https://ca.linkedin.com/jobs/view/assistant-controller-at-jobgether-4436098458,Assistant Controller,,scraped,2026-07-07T01:03:57.352777,
535d72b6b1126636,https://ca.linkedin.com/jobs/view/business-development-manager-at-proofofid-4436009189,Business Development Manager,,scraped,2026-07-07T01:04:04.268303,
5eeee78bf6774938,https://ca.linkedin.com/jobs/view/manual-tester-at-hcltech-4436004068,Manual Tester,,scraped,2026-07-07T01:04:11.305304,
d02cd05979ad048b,https://ca.linkedin.com/jobs/view/vp-ecommerce-at-jobgether-4436096943,"VP, Ecommerce",,scraped,2026-07-07T01:04:18.131896,
965782310112722c,https://ca.linkedin.com/jobs/view/qa-lead-at-j-m-group-4436791767,QA Lead,J&M Group,posted,2026-07-07T01:05:37.406780,105
9ff89a91dd158af3,https://ca.linkedin.com/jobs/view/administrative-assistant-executive-support-office-management-at-bjrc-recruiting-4436904028,"Administrative Assistant, Executive Support & Office Management",,scraped,2026-07-07T01:05:40.075228,
f95e895bb14ae526,https://ca.linkedin.com/jobs/view/social-media-manager-insurance-at-digital-4437157274,Social Media Manager (Insurance),,scraped,2026-07-07T01:05:49.806903,
c7e30267f401da11,https://ca.linkedin.com/jobs/view/enterprise-data-analyst-at-pure-flavor%C2%AE-farms-4436956005,Enterprise Data Analyst,,scraped,2026-07-07T01:05:56.121812,
02454de8e83bc10e,https://ca.linkedin.com/jobs/view/jewellery-model-maker-at-adamas-international-4436477491,jewellery model maker,,scraped,2026-07-07T01:06:03.013198,
b596db238d7903f8,https://ca.linkedin.com/jobs/view/reception-%2B-retail-associates-at-highstreet-at-tommy-gun-s-original-barbershop-4437416570,Reception + Retail Associates at Highstreet,,scraped,2026-07-07T01:06:10.037803,
47a2bc3a6187dbe2,https://ca.linkedin.com/jobs/view/grocery-department-manager-full-time-day-at-no-frills-4435322090,Grocery Department Manager Full Time Day,,scraped,2026-07-07T01:06:17.804085,
e11eb1b7bd187109,https://ca.linkedin.com/jobs/view/sales-marketing-representatives-%E2%80%93-unlimited-earning-potential-at-premium-retail-services-4405173992,Sales & Marketing Representatives – Unlimited Earning Potential,,scraped,2026-07-07T01:06:26.368909,
e2df78c705bbcd4b,https://ca.linkedin.com/jobs/view/alterations-specialist-at-david-s-bridal-4437147678,Alterations Specialist,,scraped,2026-07-07T01:06:39.510428,
8e0bda121dc205b8,https://ca.linkedin.com/jobs/view/sanitation-worker-at-wonderbrands-4436922521,Sanitation Worker,,scraped,2026-07-07T01:06:51.602935,
2cbf6d5769774975,https://ca.linkedin.com/jobs/view/restaurant-assistant-manager-at-mary-brown-s-chicken-4437440876,restaurant assistant manager,,scraped,2026-07-07T01:06:58.638597,
809d9d0b0aba5172,https://ca.linkedin.com/jobs/view/operations-lead-full-time-at-sephora-4437126055,Operations Lead - Full Time,,scraped,2026-07-07T01:08:10.349189,
227c54ad84790e4a,https://ca.linkedin.com/jobs/view/specialty-assistant-store-manager-lloydminster-store-at-the-home-depot-canada-4434372992,SPECIALTY ASSISTANT STORE MANAGER- Lloydminster Store,,scraped,2026-07-07T01:08:17.688298,
14b4d942d3686422,https://ca.linkedin.com/jobs/view/pepsico-beverages-weekend-mechanic-at-pepsico-4433718436,PepsiCo Beverages Weekend Mechanic,,scraped,2026-07-07T01:10:34.245621,
79b10c6830234e71,https://ca.linkedin.com/jobs/view/management-trainee-at-enterprise-4436448363,Management Trainee,Enterprise,posted,2026-07-07T01:10:55.656491,107
a27d8c30d154f22e,https://ca.linkedin.com/jobs/view/underground-facilities-locator-at-shermco-industries-4377530199,Underground Facilities Locator,,scraped,2026-07-07T01:10:58.482898,
ffe956a8186984b2,https://ca.linkedin.com/jobs/view/crew-member-at-chipotle-mexican-grill-4436906191,Crew Member,,scraped,2026-07-07T01:11:07.277667,
c2a95e1fd52f4377,https://ca.linkedin.com/jobs/view/can-grocery-associate-at-walmart-canada-4412816826,(CAN) Grocery Associate,,scraped,2026-07-07T01:11:14.443698,
4c82c6ed03b457e1,https://ca.linkedin.com/jobs/view/assistant-front-store-manager-hourly-full-time-day-at-shoppers-drug-mart-4437472214,"Assistant Front Store Manager, Hourly Full Time Day",,scraped,2026-07-07T01:11:21.667181,
d3f712ab6ce03733,https://ca.linkedin.com/jobs/view/can-fresh-coach-at-walmart-canada-4407219183,(CAN) Fresh Coach,,scraped,2026-07-07T01:13:37.549955,
1ed50db796d7908f,https://ca.linkedin.com/jobs/view/maintenance-technician-at-skyline-group-of-companies-4414718540,Maintenance Technician,,scraped,2026-07-07T01:13:44.436958,
68c1cda4812843f7,https://ca.linkedin.com/jobs/view/can-co-manager-at-walmart-canada-4405581170,(CAN) Co-Manager,,scraped,2026-07-07T01:13:51.090647,
c9ed5fa0fb502707,https://ca.linkedin.com/jobs/view/assistant-front-store-manager-hourly-full-time-day-at-shoppers-drug-mart-4437465494,"Assistant Front Store Manager, Hourly Full Time Day",,scraped,2026-07-07T01:13:57.693812,
fb442088c4002adc,https://ca.linkedin.com/jobs/view/full-time-produce-stocker-at-walmart-canada-4406091656,FULL TIME Produce Stocker,,scraped,2026-07-07T01:15:07.917872,
f93e054975ba190f,https://ca.linkedin.com/jobs/view/fast-food-service-attendant-at-dq-grill-chill-restaurant-4437167340,fast-food service attendant,DQ Grill & Chill Restaurant,posted,2026-07-07T01:16:28.967658,109
29ac73c6bed9b77f,https://ca.linkedin.com/jobs/view/operations-associate-yorkdale-at-celine-4436437475,OPERATIONS ASSOCIATE - YORKDALE,,scraped,2026-07-07T01:16:32.048448,
04fea98838ceac1a,https://ca.linkedin.com/jobs/view/trainee-driver-at-gtg-training-4437459734,Trainee Driver,,scraped,2026-07-07T01:16:39.325211,
7ee65ea91c145bde,https://ca.linkedin.com/jobs/view/executive-executive-assistant-at-cosmetica-laboratories-inc-4436910625,Executive - Executive Assistant,,scraped,2026-07-07T01:16:46.637484,
5ae1445fb73d70a4,https://ca.linkedin.com/jobs/view/office-administrator-at-anc-solutions-4437446607,Office Administrator,,scraped,2026-07-07T01:19:05.039272,
1b72630e0ef2e518,https://ca.linkedin.com/jobs/view/operations-supervisor-student-transportation-at-transdev-ontario-manitoba-4436724381,Operations Supervisor Student Transportation,,scraped,2026-07-07T01:19:11.972805,
b1fae038a3776f0b,https://ca.linkedin.com/jobs/view/trainee-driver-at-gtg-training-4437467624,Trainee Driver,,scraped,2026-07-07T01:19:18.957045,
92e596a8b01975b7,https://ca.linkedin.com/jobs/view/sbi-jobs-post-qualification-salary-and-more-at-the-kashmir-monitor-4435459301,"SBI jobs: Post, qualification, salary, and more",,scraped,2026-07-07T01:19:26.302305,
f7016a9d99d62dda,https://ca.linkedin.com/jobs/view/heavy-duty-cleaner-at-belmont-house-4436989487,heavy-duty cleaner,,scraped,2026-07-07T01:19:34.035504,
410627df79b7b42f,https://ca.linkedin.com/jobs/view/principal-product-manager-at-jobgether-4435406959,Principal Product Manager,,scraped,2026-07-07T01:19:52.518689,
3697203688ee5165,https://ca.linkedin.com/jobs/view/executive-administrative-assistant-at-richter-4436743469,Executive Administrative Assistant,,scraped,2026-07-07T01:21:02.975020,
6c2f82b2329378b3,https://ca.linkedin.com/jobs/view/social-content-specialist-at-best-buy-canada-4435418516,Social Content Specialist,,scraped,2026-07-07T01:21:10.211205,
77153f0718186bcc,https://ca.linkedin.com/jobs/view/purchasing-assistant-at-kristian-electric-ltd-4436220600,Purchasing Assistant,,scraped,2026-07-07T01:21:17.490791,
fc60abdf77e18f1d,https://ca.linkedin.com/jobs/view/project-operations-coordinator-%E2%80%93-success-operations-at-artech-l-l-c-4436717854,Project Operations Coordinator – Success Operations,,scraped,2026-07-07T01:21:30.408840,
171136ebdf5b7b26,https://ca.linkedin.com/jobs/view/team-lead-smt-afternoon-shift-at-blackline-safety-4437406993,"Team Lead, SMT (Afternoon Shift)",,scraped,2026-07-07T01:21:57.801244,
bd5fe43ab2258188,https://ca.linkedin.com/jobs/view/brand-partnerships-manager-global-business-solutions-canada-at-tiktok-4436227955,Brand Partnerships Manager - Global Business Solutions - Canada,,scraped,2026-07-07T01:22:04.973458,
6a0f1fece5d27567,https://ca.linkedin.com/jobs/view/senior-human-resources-coordinator-at-summit-search-group-4437402633,Senior Human Resources Coordinator,,scraped,2026-07-07T01:23:20.974593,
431f83c427ca3030,https://ca.linkedin.com/jobs/view/lto-elementary-1-0-grade-5-6-at-durham-district-school-board-4435483418,LTO Elementary: 1.0 Grade 5/6,,scraped,2026-07-07T01:23:30.692344,
77be947201f377b3,https://ca.linkedin.com/jobs/view/data-analyst-new-grad-canada-at-jobright-ai-4436261191,"Data Analyst, New Grad (Canada)",,scraped,2026-07-07T01:23:37.355053,
06517095018c9181,https://ca.linkedin.com/jobs/view/content-marketer-at-jobgether-4435789099,Content Marketer,,scraped,2026-07-07T01:23:45.182492,
9da0ce00b6d723d4,https://ca.linkedin.com/jobs/view/labourer-at-aim-kenny-u-pull-4435459162,Labourer,,scraped,2026-07-07T01:23:51.672278,
ffe8f2c72ea7fa41,https://ca.linkedin.com/jobs/view/senior-technical-program-manager-at-jobgether-4435425194,Senior Technical Program Manager,,scraped,2026-07-07T01:23:58.809906,
18c5812f7ba49568,https://ca.linkedin.com/jobs/view/commodity-planner-at-pure-flavor%C2%AE-farms-4436940527,Commodity Planner,,scraped,2026-07-07T01:24:05.741555,
0194d981c26eae26,https://ca.linkedin.com/jobs/view/shipping-clerk-at-pure-flavor%C2%AE-farms-4436950360,Shipping Clerk,,scraped,2026-07-07T01:25:16.179076,
04dba1eb669d4756,https://ca.linkedin.com/jobs/view/learning-and-development-specialist-at-kelly-services-canada-ltd-4435482635,Learning And Development Specialist,,scraped,2026-07-07T01:25:23.181324,
a1371c132af9b2f8,https://ca.linkedin.com/jobs/view/maintenance-millwright-at-almag-aluminum-4437407020,Maintenance Millwright,,scraped,2026-07-07T01:25:29.605017,
db17a0067949878a,https://ca.linkedin.com/jobs/view/operations-officer-iii-at-robertson-company-ltd-4436261330,Operations Officer III,,scraped,2026-07-07T01:26:40.397935,
7d1ec245054e47c1,https://ca.linkedin.com/jobs/view/operating-room-assistant-at-lacroix-m%C3%A9decine-priv%C3%A9e-4436796591,Operating Room Assistant,,scraped,2026-07-07T01:26:47.370203,
b471b23a1115267c,https://ca.linkedin.com/jobs/view/data-researcher-%2430-hr-remote-at-crossing-hurdles-4436093604,Data Researcher | $30/hr Remote,,scraped,2026-07-07T01:26:56.796824,
f2ed19586de72dab,https://ca.linkedin.com/jobs/view/freelance-chatbot-developer-whatsapp-telegram-discord-at-mindrift-4436730877,Freelance Chatbot Developer (WhatsApp / Telegram / Discord),,scraped,2026-07-07T01:27:04.099937,
8b93366161e8f065,https://ca.linkedin.com/jobs/view/fleet-supervisor-at-dominus-group-4436253507,Fleet Supervisor,Dominus Group,posted,2026-07-07T01:28:26.959151,111
cf611cc26fbde4f8,https://ca.linkedin.com/jobs/view/human-resources-specialist-at-abl-careers-4436786503,Human Resources Specialist,,scraped,2026-07-07T01:28:29.723221,
64540b0d7284e4c3,https://ca.linkedin.com/jobs/view/sales-operations-leader-at-amagi-4435468386,Sales Operations Leader,,scraped,2026-07-07T01:28:36.381602,
83f5d37e648ee1fe,https://ca.linkedin.com/jobs/view/project-manager-equities-global-markets-at-spectraforce-4437453128,Project Manager (Equities / Global Markets),,scraped,2026-07-07T01:29:01.070210,
75273db6bf880560,https://ca.linkedin.com/jobs/view/lead-operations-engineer-at-cachefly-4437438882,Lead Operations Engineer,,scraped,2026-07-07T01:30:19.839465,
8598c2bbaffadd5a,https://ca.linkedin.com/jobs/view/sales-team-lead-canada-at-shiftcare-4437403247,Sales Team Lead (Canada),,scraped,2026-07-07T01:31:46.033708,
fc2d5b7aada0a30d,https://ca.linkedin.com/jobs/view/spa-supervisor-the-wickaninnish-inn-at-wickaninnish-inn-4436931383,Spa Supervisor - The Wickaninnish Inn,,scraped,2026-07-07T01:31:53.597615,
86b89c0c3fac3dfd,https://ca.linkedin.com/jobs/view/technical-author-multiple-roles-and-seniority-levels-at-jobgether-4435772618,Technical Author (multiple roles and seniority levels),,scraped,2026-07-07T01:32:00.717951,
b0335452f9345449,https://ca.linkedin.com/jobs/view/product-designer-at-dexian-4436221183,Product Designer,,scraped,2026-07-07T01:32:07.691979,
5c97b778106cdb9a,https://ca.linkedin.com/jobs/view/specialist-loan-quality-control-underwriter-at-jobgether-4435760778,"Specialist, Loan Quality Control (Underwriter)",,scraped,2026-07-07T01:32:20.051900,
2e319ff585f9cd50,https://ca.linkedin.com/jobs/view/senior-executive-%E2%80%93-corporate-development-at-jobgether-4435426265,Senior Executive – Corporate Development,,scraped,2026-07-07T01:32:26.526969,
0fea52d62016704d,https://ca.linkedin.com/jobs/view/troisi%C3%A8me-cl%C3%A9-at-ardene-4436440971,Troisième clé,,scraped,2026-07-07T01:32:33.046600,
9c8a64fba99d2439,https://ca.linkedin.com/jobs/view/cleaner-at-boardwalk-4435771491,Cleaner,,scraped,2026-07-07T01:32:40.089002,
020bf6fd5b63c08f,https://ca.linkedin.com/jobs/view/everpro-product-designer-at-jobgether-4436036909,EverPro - Product Designer,,scraped,2026-07-07T01:32:48.308063,
1bca2fd288830db6,https://ca.linkedin.com/jobs/view/workday-time-tracking-and-absence-consultant-at-jobgether-4435413780,Workday Time Tracking and Absence Consultant,,scraped,2026-07-07T01:32:54.809067,
bdfdb34497447609,https://ca.linkedin.com/jobs/view/administrative-assistant-at-rbc-dominion-securities-4436937172,Administrative Assistant,RBC Dominion Securities,posted,2026-07-07T01:34:12.253923,89
73b83dc4b9e54c0f,https://ca.linkedin.com/jobs/view/freelance-chatbot-developer-whatsapp-telegram-discord-at-mindrift-4436745090,Freelance Chatbot Developer (WhatsApp / Telegram / Discord),,scraped,2026-07-07T01:34:15.000525,
8b25bed684f69748,https://ca.linkedin.com/jobs/view/research-engineer-%2440-hr-remote-at-crossing-hurdles-4435438869,Research Engineer | $40/hr Remote,,scraped,2026-07-07T01:34:40.523222,
f061cd3f24ca7afc,https://ca.linkedin.com/jobs/view/director-information-technology-at-winsport-4436978043,"Director, Information Technology",,scraped,2026-07-07T01:35:12.061438,
2c6864683a6fee3a,https://ca.linkedin.com/jobs/view/painter-at-hybrid-carpentry-4436499819,painter,,scraped,2026-07-07T01:35:20.959373,
8306d3d1ddf6f5d1,https://ca.linkedin.com/jobs/view/fullstack-developer-with-react-node-js-c%23-net-sql-graphql-developer-at-j-m-group-4437179791,"Fullstack Developer with React, Node.JS, C#, .NET, SQL, GraphQL Developer",J&M Group,posted,2026-07-07T01:36:35.905314,113
1b91e8e93f404ffa,https://ca.linkedin.com/jobs/view/talent-acquisition-sourcer-at-slalom-4436259565,Talent Acquisition Sourcer,,scraped,2026-07-07T01:36:38.700739,
27352b40fb951d81,https://ca.linkedin.com/jobs/view/online-math-teacher-at-jadeclass-education-4437167102,Online Math Teacher,,scraped,2026-07-07T01:36:45.704868,
3e3a3778af396e1e,https://ca.linkedin.com/jobs/view/coordinator-people-operations-5-month-contract-at-deloitte-4436452649,"Coordinator, People Operations (5 Month Contract)",Deloitte,posted,2026-07-07T01:36:59.293141,115
3080c20d59303453,https://ca.linkedin.com/jobs/view/specialist-supply-planning-full-time-at-mejuri-4436240960,Specialist Supply Planning - Full Time,,scraped,2026-07-07T01:37:02.313246,
b6104030393fcc1f,https://ca.linkedin.com/jobs/view/data-annotator-%2430-hr-remote-at-crossing-hurdles-4436200271,Data Annotator | $30/hr Remote,,scraped,2026-07-07T01:37:09.946330,
675d409478e210d6,https://ca.linkedin.com/jobs/view/truck-driver-flatbed-at-canada-cartage-4436908889,Truck Driver Flatbed,Canada Cartage,posted,2026-07-07T01:37:37.822900,117
532497ddde47368c,https://ca.linkedin.com/jobs/view/ai-trainer-freelance-data-annotator-at-toloka-annotators-4437194086,AI Trainer - Freelance Data Annotator,,scraped,2026-07-07T01:37:40.404185,
4debc3e5ba9cfd77,https://ca.linkedin.com/jobs/view/business-analyst-at-insight-global-4436216385,Business Analyst,,scraped,2026-07-07T01:38:04.819804,
ea902bad2cf99ff3,https://ca.linkedin.com/jobs/view/analyst-fp-a-continuous-improvement-at-smartcentres-reit-4435486314,"Analyst, FP& A & Continuous Improvement",,scraped,2026-07-07T01:38:47.359124,
d5a84365468666bf,https://ca.linkedin.com/jobs/view/product-designer-at-great-value-hiring-4435433443,Product Designer,,scraped,2026-07-07T01:38:54.488459,
02fd245156bd12dc,https://ca.linkedin.com/jobs/view/business-analyst-at-thoughtstorm-4436223745,Business Analyst,,scraped,2026-07-07T01:39:01.018456,
b25bf886150a59f0,https://ca.linkedin.com/jobs/view/senior-business-analyst-at-appfabs-incorporation-4437420612,Senior Business Analyst,,scraped,2026-07-07T01:39:08.406484,
3fd59a344d87c680,https://ca.linkedin.com/jobs/view/social-media-manager-insurance-at-digital-4437145833,Social Media Manager (Insurance),,scraped,2026-07-07T01:39:15.246084,
7f67bcf0b6d5be0f,https://ca.linkedin.com/jobs/view/data-reporting-analyst-at-insight-global-4435471903,Data Reporting Analyst,,scraped,2026-07-07T01:39:21.859050,
99789d72510df70f,https://ca.linkedin.com/jobs/view/senior-business-development-manager-at-ecosystem-4436755723,Senior  Business Development Manager,,scraped,2026-07-07T01:39:53.293434,
2cbf20d138c593a2,https://ca.linkedin.com/jobs/view/physiotherapist-at-paramed-home-health-care-4436790915,Physiotherapist,,scraped,2026-07-07T01:40:01.367269,
456bf08b14b9add1,https://ca.linkedin.com/jobs/view/senior-it-technical-support-specialist-at-funnelcake-4436971672,Senior IT  Technical  Support Specialist,,scraped,2026-07-07T01:40:07.968106,
97671376616ee7fe,https://ca.linkedin.com/jobs/view/fashion-associate-part-time-rw-co-at-rw-co-4436905466,Fashion Associate (Part time) - RW&CO,,scraped,2026-07-07T01:40:14.231660,
f910680c0fe4833a,https://ca.linkedin.com/jobs/view/education-program-coordinator-at-london-children-s-museum-4436901636,Education Program Coordinator,London Children's Museum,posted,2026-07-07T01:40:32.335773,119
bb3ef2fbc6002030,https://ca.linkedin.com/jobs/view/it-coordinator-at-avia-ng-airport-consultants-4436262591,IT Coordinator,,scraped,2026-07-07T01:40:35.320184,
f023b8913611625a,https://ca.linkedin.com/jobs/view/client-experience-referral-manager-at-rfl-wealth-management-4435468448,Client Experience & Referral Manager,,scraped,2026-07-07T01:40:41.861006,
6515ca723d17a9be,https://ca.linkedin.com/jobs/view/asset-investment-analyst-at-toronto-hydro-4436750030,Asset Investment Analyst,,scraped,2026-07-07T01:40:49.062091,
d97e703ca5519432,https://ca.linkedin.com/jobs/view/early-childhood-educator-oxford-at-kepler-academy-early-learning-child-care-4436408956,Early Childhood Educator - Oxford,,scraped,2026-07-07T01:40:55.749865,
952277edf82a35dc,https://ca.linkedin.com/jobs/view/marketing-analytics-director-at-jobgether-4435427196,Marketing Analytics Director,,scraped,2026-07-07T01:41:03.224387,
2a846f48b4f1c6d3,https://ca.linkedin.com/jobs/view/videographer-at-solify-4436253349,Videographer,Solify,posted,2026-07-07T01:41:19.052324,121
cfc91af04bfd0bc2,https://ca.linkedin.com/jobs/view/fullstack-developer-with-react-at-capgemini-4437426247,Fullstack Developer with React,,scraped,2026-07-07T01:41:21.752639,
fce4bbdbfe61a493,https://ca.linkedin.com/jobs/view/marketing-and-social-media-intern-at-guitar-voice-recording-of-nyc-4436487304,Marketing and Social Media Intern,,scraped,2026-07-07T01:41:28.408870,
e226bad2142faf03,https://ca.linkedin.com/jobs/view/job-title%0A-%0A-%0A-homemaker-at-lookout-housing-%2B-health-society-4433759107,"Job Title
            
                
                    Homemaker",Lookout Housing + Health Society,posted,2026-07-07T01:41:50.649322,123
392b2372952eb2d5,https://ca.linkedin.com/jobs/view/pest-control-technician-at-ecopest-inc-4436701749,pest control technician,,scraped,2026-07-07T01:41:53.322745,
e3a8c17e5d6d55e4,https://ca.linkedin.com/jobs/view/assistant-resident-manager-2-person-team-at-realstar-4433726185,Assistant Resident Manager 2-Person Team,,scraped,2026-07-07T01:42:00.502548,
f3e07ee7026500ff,https://ca.linkedin.com/jobs/view/thrift-store-manager-at-the-salvation-army-in-canada-4434346531,Thrift Store Manager,,scraped,2026-07-07T01:42:09.458770,
e2660a199cda5921,https://ca.linkedin.com/jobs/view/driver-loader-manual-side-loader-%2430-57-hour-at-emterra-group-4436464163,Driver/Loader (Manual Side Loader) - $30.57/Hour,,scraped,2026-07-07T01:42:16.575524,
56143520e1b43fcc,https://ca.linkedin.com/jobs/view/general-cleaner-%E2%80%93-edmonton-area-at-bee-clean-building-maintenance-4436355945,General Cleaner – Edmonton Area,,scraped,2026-07-07T01:42:23.831871,
5991b20780c14d2b,https://ca.linkedin.com/jobs/view/roaster-at-kraft-heinz-4398188293,Roaster,,scraped,2026-07-07T01:42:37.732109,
8a83b6d7c22e2c98,https://ca.linkedin.com/jobs/view/horticulturist-helper-at-southshore-greenhouses-inc-4436705644,horticulturist helper,Southshore Greenhouses Inc,posted,2026-07-07T01:42:53.756840,125
a01b597d1800b579,https://ca.linkedin.com/jobs/view/housekeeper-full-time-at-cogir-real-estate-4436456071,Housekeeper- Full Time,,scraped,2026-07-07T01:42:56.733207,
4361daa328333896,https://ca.linkedin.com/jobs/view/dispatch-coordinator-industrial-services-at-gfl-environmental-inc-4409543528,"Dispatch Coordinator, Industrial Services",,scraped,2026-07-07T01:43:09.029766,
7190d73679ab5296,https://ca.linkedin.com/jobs/view/dishwasher-langley-at-cactus-club-cafe-4256632811,Dishwasher | Langley,,scraped,2026-07-07T01:43:16.212852,
3cc418cc103f4314,https://ca.linkedin.com/jobs/view/grocery-associate-at-walmart-canada-4406716065,Grocery Associate,,scraped,2026-07-07T01:43:22.537999,
d9465f14dd9dee1f,https://ca.linkedin.com/jobs/view/can-dairy-frozen-associate-at-walmart-canada-4406056839,(CAN) DAIRY FROZEN ASSOCIATE,,scraped,2026-07-07T01:43:29.089963,
8cd0fc046de19b08,https://ca.linkedin.com/jobs/view/assistant-store-manager-full-time-day-at-loblaw-companies-limited-4436968425,Assistant Store Manager Full Time Day,,scraped,2026-07-07T01:43:36.012038,
671c59e70b02f178,https://ca.linkedin.com/jobs/view/can-deli-associate-at-walmart-canada-4398874109,(CAN) Deli Associate,,scraped,2026-07-07T01:43:42.646605,
7603d28190e5b742,https://ca.linkedin.com/jobs/view/pepsico-foods-full-time-processing-operator-at-pepsico-4405184600,PepsiCo Foods Full-Time Processing Operator,PepsiCo,posted,2026-07-07T01:44:02.689005,127
01f37905c4eb93eb,https://ca.linkedin.com/jobs/view/can-stockperson-cartpusher-at-walmart-canada-4399075327,(CAN) Stockperson/Cartpusher,,scraped,2026-07-07T01:44:05.324490,
fa7f778c9ac1cfa8,https://ca.linkedin.com/jobs/view/can-food-lead-department-manager-at-walmart-canada-4412848202,(CAN) Food Lead Department Manager,,scraped,2026-07-07T01:44:11.999062,
74886f21eb77808e,https://ca.linkedin.com/jobs/view/can-grocery-department-manager-at-walmart-canada-4406420582,(CAN) Grocery Department Manager,,scraped,2026-07-07T01:44:18.603458,
297f64a53f52b88b,https://ca.linkedin.com/jobs/view/pepsico-beverages-full-time-merchandiser-drumheller-at-pepsico-4338097247,PepsiCo Beverages Full-Time Merchandiser - Drumheller,,scraped,2026-07-07T01:44:25.169229,
78a1729975086c52,https://ca.linkedin.com/jobs/view/cleaner-temporary-contract-at-westbow-group-of-companies-4435483615,Cleaner (Temporary Contract),,scraped,2026-07-07T01:44:39.653143,
8c0096d4321304cf,https://ca.linkedin.com/jobs/view/senior-data-scientist-gen-ai-nlp-at-tiger-analytics-4437427437,Senior Data Scientist - Gen AI & NLP,Tiger Analytics,posted,2026-07-07T01:44:51.585450,129
842ee241686ba438,https://ca.linkedin.com/jobs/view/react-developer-at-nam-info-inc-4435866278,React Developer,NAM Info Inc,posted,2026-07-07T01:45:09.688382,131
3419431ec2571379,https://ca.linkedin.com/jobs/view/pr%C3%A9pos%C3%A9-e-%C3%A0-l%E2%80%99entretien-m%C3%A9nager-at-auberge-du-lac-taureau-4436967320,Préposé(e) À L’entretien Ménager,,scraped,2026-07-07T01:45:12.678539,
4b7a22a339bfb434,https://ca.linkedin.com/jobs/view/private-banking-associate-at-rbc-4436488446,Private Banking Associate,,scraped,2026-07-07T01:45:19.906839,
60d376270471db94,https://ca.linkedin.com/jobs/view/manufacturing-process-engineer-microfluidic-devices-at-dropgenie-4436260241,Manufacturing Process Engineer (Microfluidic Devices),,scraped,2026-07-07T01:45:26.619603,
409346e9ac659f14,https://ca.linkedin.com/jobs/view/support-services-adminstrator-at-rentokil-initial-4437160491,Support Services Adminstrator,,scraped,2026-07-07T01:46:16.086677,
db73436bdc384047,https://ca.linkedin.com/jobs/view/operations-manager-at-donald-s-fine-foods-4436445137,Operations Manager,,scraped,2026-07-07T01:46:23.444460,
fef8252a30f28e1a,https://ca.linkedin.com/jobs/view/cell-culture-technician-at-48hour-discovery-4436235565,Cell Culture Technician,,scraped,2026-07-07T01:46:29.754595,
42c92e868c7e96d4,https://ca.linkedin.com/jobs/view/staff-applied-scientist-distribution-center-solutions-at-jobgether-4436095511,Staff Applied Scientist (Distribution Center Solutions),,scraped,2026-07-07T01:46:37.276490,
24db5bab24bbf6b9,https://ca.linkedin.com/jobs/view/head-of-security-operations-at-jobgether-4435431350,Head of Security Operations,,scraped,2026-07-07T01:46:44.097837,
4febbe632c8ddb63,https://ca.linkedin.com/jobs/view/executive-director-global-engagement-at-nafsa-association-of-international-educators-4435281957,"Executive Director, Global Engagement",NAFSA: Association of International Educators,posted,2026-07-07T01:46:59.162649,133
7112966d81c4268c,https://ca.linkedin.com/jobs/view/materials-engineer-at-adamas-international-4436493144,materials engineer,,scraped,2026-07-07T01:47:02.148538,
e9c2480f3d7d4f1c,https://ca.linkedin.com/jobs/view/layout-carpenter-at-pagnotta-inc-4437458156,Layout Carpenter,,scraped,2026-07-07T01:47:09.400612,
4117af9db07f2fda,https://ca.linkedin.com/jobs/view/labourer-at-abc-recycling-4436908132,Labourer,ABC Recycling,posted,2026-07-07T01:47:30.281801,135
0ed9503cf717c1b8,https://ca.linkedin.com/jobs/view/people-enablement-lead-at-altis-4436262691,People Enablement Lead,,scraped,2026-07-07T01:47:33.003271,
98632b1be62ccbf0,https://ca.linkedin.com/jobs/view/project-manager-at-buttcon-4436037710,Project Manager,,scraped,2026-07-07T01:47:39.779478,
22775032875fc284,https://ca.linkedin.com/jobs/view/lead-product-designer-at-venn-4436749065,Lead Product Designer,,scraped,2026-07-07T01:47:48.651708,
295e310b4eecb3a2,https://ca.linkedin.com/jobs/view/smt-operator-afternoon-shift-at-blackline-safety-4437428125,SMT Operator (Afternoon Shift),,scraped,2026-07-07T01:47:55.842634,
c615f4b1d36ac93e,https://ca.linkedin.com/jobs/view/buyer-at-peak-processing-solutions-4435279022,Buyer,,scraped,2026-07-07T01:48:02.699167,
287dbbfc1ebeba12,https://ca.linkedin.com/jobs/view/marketing-content-manager-at-innovation-asset-collective-4436041436,Marketing Content Manager,,scraped,2026-07-07T01:48:10.106042,
7f90d321dd7ae314,https://ca.linkedin.com/jobs/view/saas-sales-development-representative-at-jobgether-4435430121,SaaS Sales Development Representative,,scraped,2026-07-07T01:48:17.385422,
5a2e67d012bfd832,https://ca.linkedin.com/jobs/view/senior-financial-analyst-fp-a-at-urban-grid-4437462224,"Senior Financial Analyst, FP&A",,scraped,2026-07-07T01:48:24.145636,
e8d4c804f3b58cb7,https://ca.linkedin.com/jobs/view/cybersecurity-investigator-international-cybersecurity-data-investigations-at-scotiabank-4436211415,"Cybersecurity Investigator, International Cybersecurity & Data Investigations",,scraped,2026-07-07T01:48:38.541047,
d0eb24b3c80cd273,https://ca.linkedin.com/jobs/view/splicer-technician-telecommunications-at-vistacare-4436702700,splicer technician - telecommunications,,scraped,2026-07-07T01:48:45.218348,
fa89f2d397139140,https://ca.linkedin.com/jobs/view/agent-e-de-bureau-centre-d-%C3%A9ducation-aux-adultes-le-ph%C3%A9nix-at-centre-de-services-scolaire-des-d%C3%A9couvreurs-cssdd-4437406386,Agent(e) de bureau - Centre d'éducation aux adultes Le Phénix,,scraped,2026-07-07T01:48:51.902717,
3428cdf87c910ad7,https://ca.linkedin.com/jobs/view/central-staff-scheduler-at-humber-river-health-4435457708,Central Staff Scheduler,,scraped,2026-07-07T01:48:59.120279,
e2ad9c9db9da2045,https://ca.linkedin.com/jobs/view/project-manager-leader-at-russell-tobin-4437424447,Project Manager/Leader,Russell Tobin,posted,2026-07-07T01:49:36.923834,137
4e8b62d5b9ee0e0b,https://ca.linkedin.com/jobs/view/registered-practical-nurse-mental-health-crisis-program-rpt-0-2-fte-at-joseph-brant-hospital-foundation-4436259413,Registered Practical Nurse - Mental Health - Crisis Program - RPT (0.2 FTE),,scraped,2026-07-07T01:49:39.942780,
4c781a5fda8e6d15,https://ca.linkedin.com/jobs/view/lean-six-sigma-consultant-%E2%80%93-independent-contractor-remote-at-lean-six-sigma-bureau-4437111661,Lean Six Sigma Consultant – Independent Contractor (Remote),,scraped,2026-07-07T01:49:47.591460,
786c5f1512b56da6,https://ca.linkedin.com/jobs/view/meat-cutter-at-sobeys-4385812118,Meat Cutter,,scraped,2026-07-07T01:49:55.503112,
4ea076921c86e0a6,https://ca.linkedin.com/jobs/view/%2415k-relocation-bonus-optician-retail-partner-ownership-at-specsavers-4405181278,$15K Relocation Bonus-Optician / Retail Partner Ownership,,scraped,2026-07-07T01:50:02.342012,
2a69ac7f71afd45b,https://ca.linkedin.com/jobs/view/facility-dog-handler-at-government-of-alberta-4434367115,Facility Dog Handler,,scraped,2026-07-07T01:50:09.542656,
cdbafc6b330ec07a,https://ca.linkedin.com/jobs/view/front-store-supervisor-hourly-full-time-flexible-shifts-at-loblaw-companies-limited-4437469392,"Front Store Supervisor, Hourly Full Time Flexible Shifts",,scraped,2026-07-07T01:50:16.003320,
fda0e456d8f67965,https://ca.linkedin.com/jobs/view/intermediate-clerk-1-full-time-permanent-at-simcoe-county-district-school-board-4436003522,"Intermediate Clerk 1 - Full-time, permanent",,scraped,2026-07-07T01:50:22.731600,
1c7ab025926d6fe3,https://ca.linkedin.com/jobs/view/keyholder-at-sndl-inc-4433101862,Keyholder,,scraped,2026-07-07T01:50:29.847620,
e884a329b67c8ca2,https://ca.linkedin.com/jobs/view/general-labour-at-cascades-4435460954,General Labour,,scraped,2026-07-07T01:50:37.035394,
063e7526844b2a79,https://ca.linkedin.com/jobs/view/customer-service-representative-at-u-haul-4437441956,Customer Service Representative,U-Haul,posted,2026-07-07T01:51:08.897426,31
519c9d45e5a258e9,https://ca.linkedin.com/jobs/view/mobile-mortgage-specialist-at-td-4388128464,Mobile Mortgage Specialist,,scraped,2026-07-07T01:51:11.577420,
7712259a7d024080,https://ca.linkedin.com/jobs/view/road-foreman-at-cpkc-4436350367,Road Foreman,,scraped,2026-07-07T01:51:18.158387,
a09307665855d201,https://ca.linkedin.com/jobs/view/garage-store-manager-mic-mac-mall-at-groupe-dynamite-4433187905,GARAGE - Store Manager - Mic Mac Mall,,scraped,2026-07-07T01:51:25.039824,
1d5ad793a9bc9946,https://ca.linkedin.com/jobs/view/package-handler-warehouse-like-at-fedex-canada-4409031697,Package Handler (Warehouse like),,scraped,2026-07-07T01:51:32.393567,
99e7110bb382d745,https://ca.linkedin.com/jobs/view/assistant-store-manager-at-dollarama-4406762355,Assistant Store Manager,,scraped,2026-07-07T01:51:39.953759,
01e5b84b3fd2e81e,https://ca.linkedin.com/jobs/view/spontaneous-application-brossard-at-germain-h%C3%B4tels-4209188148,Spontaneous Application - Brossard,,scraped,2026-07-07T01:51:46.604013,
e16274c884b7a119,https://ca.linkedin.com/jobs/view/room-attendant-at-northern-rockies-lodge-4436710459,room attendant,Northern Rockies Lodge,posted,2026-07-07T01:52:03.116648,139
0beef1de1c9800f0,https://ca.linkedin.com/jobs/view/fast-food-restaurant-manager-at-the-wendy-s-company-4436372150,Fast food restaurant manager,,scraped,2026-07-07T01:52:05.737634,
254f4a07e3db283c,https://ca.linkedin.com/jobs/view/service-advisor-at-tirecraft-4436781919,Service Advisor,,scraped,2026-07-07T01:52:24.014431,
cc39da26684bb3bc,https://ca.linkedin.com/jobs/view/scale-attendant-at-gfl-environmental-inc-4435371878,Scale Attendant,,scraped,2026-07-07T01:52:31.136385,
8ebcf3c8150a30fe,https://ca.linkedin.com/jobs/view/early-morning-flow-crew-associate-at-kent-building-supplies-4432804657,Early Morning Flow Crew Associate,,scraped,2026-07-07T01:52:38.287100,
0593d0127d03dc8b,https://ca.linkedin.com/jobs/view/food-service-supervisor-at-stacked-4436181396,food service supervisor,,scraped,2026-07-07T01:52:45.058055,
49a4b161984702fd,https://ca.linkedin.com/jobs/view/assistant-project-manager-at-ebc-inc-4436230333,Assistant Project Manager,,scraped,2026-07-07T01:52:53.888072,
f131657eeae718f6,https://ca.linkedin.com/jobs/view/delivery-driver-at-ateliers-jacob-4436956755,delivery driver,,scraped,2026-07-07T01:53:01.023388,
f833e77db3308f58,https://ca.linkedin.com/jobs/view/functional-consultant-remote-at-georgian-solutions-inc-4435491100,Functional Consultant (Remote),,scraped,2026-07-07T01:53:09.820769,
98be396ef77725db,https://ca.linkedin.com/jobs/view/process-analyst-at-insight-global-4436224293,Process Analyst,,scraped,2026-07-07T01:54:26.889904,
28609be088d765c1,https://ca.linkedin.com/jobs/view/charg%C3%A9e-charg%C3%A9-de-projets-et-gestion-immobili%C3%A8re-at-sodec-soci%C3%A9t%C3%A9-de-d%C3%A9veloppement-des-entreprises-culturelles-4436211852,"Chargée, chargé de projets et gestion immobilière",,scraped,2026-07-07T01:54:34.364750,
dfaf0244550dc137,https://ca.linkedin.com/jobs/view/general-duty-nurse-n2-women-s-health-labour-delivery-at-winnipeg-regional-health-authority-wrha-4436953040,General Duty Nurse (N2) - Women's Health Labour & Delivery,,scraped,2026-07-07T01:54:41.114572,
40f5a95e9068adad,https://ca.linkedin.com/jobs/view/physicist-bsc-msc-phd-%2440-hr-remote-at-crossing-hurdles-4435767742,Physicist (BSc/MSc/PhD) | $40/hr Remote,,scraped,2026-07-07T01:54:48.633562,
a268593ae45f7874,https://ca.linkedin.com/jobs/view/supply-attendant-at-winnipeg-regional-health-authority-wrha-4436424721,Supply Attendant,,scraped,2026-07-07T01:55:07.304182,
2dc523dd66b970b1,https://ca.linkedin.com/jobs/view/personal-assistant-office-at-accurate-indigenous-managers-advisors-4437109610,personal assistant - office,,scraped,2026-07-07T01:55:14.729154,
c6706256de9480a3,https://ca.linkedin.com/jobs/view/facilities-coordinator-at-wawanesa-insurance-4435332146,Facilities Coordinator,,scraped,2026-07-07T01:55:21.504969,
d3c5ff015880b009,https://ca.linkedin.com/jobs/view/painter-at-southwest-properties-4427033891,Painter,,scraped,2026-07-07T01:55:28.550774,
9ae6b7044bd0732c,https://ca.linkedin.com/jobs/view/laundry-aide-at-southern-health-sant%C3%A9-sud-4435319557,Laundry Aide,,scraped,2026-07-07T01:55:35.462997,
04ae708f9a02a739,https://ca.linkedin.com/jobs/view/customer-service-representative-at-u-haul-4436403393,Customer Service Representative,U-Haul,posted,2026-07-07T01:56:22.278628,31
ebcde4a39df13046,https://ca.linkedin.com/jobs/view/order-desk-clerk-at-wilson-s-business-solutions-4436470535,order desk clerk,,scraped,2026-07-07T01:56:24.904430,
7589be502506b503,https://ca.linkedin.com/jobs/view/rece-and-ta-s-required-new-child-care-centre-opening-at-leaps-bounds-children-s-centre-4436272078,RECE and TA's Required-New Child Care Centre Opening,,scraped,2026-07-07T01:56:31.164618,
8e6e2068ccdb80c4,https://ca.linkedin.com/jobs/view/department-manager-clothing-avalon-mall-at-sport-chek-4398575245,"Department Manager, Clothing, Avalon Mall",,scraped,2026-07-07T01:56:38.695084,
2804ff5432974a24,https://ca.linkedin.com/jobs/view/quality-inspector-at-safe-fleet-4414971612,Quality Inspector,Safe Fleet,posted,2026-07-07T01:57:07.083089,141
9f9b0504036ce050,https://ca.linkedin.com/jobs/view/bread-baker-at-grey-matlock-bakery-4436959916,bread baker,,scraped,2026-07-07T01:57:09.756413,
bee396e6016817b2,https://ca.linkedin.com/jobs/view/reservation-agent-at-black-tie-ski-rentals-llc-4433107465,Reservation Agent,"Black Tie Ski Rentals, LLC.",posted,2026-07-07T01:57:25.900481,143
18ee61f712c3697f,https://ca.linkedin.com/jobs/view/parts-counterperson-at-inland-truck-equipment-4437482370,Parts Counterperson,Inland Truck & Equipment,posted,2026-07-07T01:57:42.027240,145
15113dceb266b6c1,https://ca.linkedin.com/jobs/view/assistant-manager-owen-sound-ontario-at-scotiabank-4434362264,"Assistant Manager - Owen Sound, Ontario",,scraped,2026-07-07T01:57:45.027915,
491a97c0ec842ffd,https://ca.linkedin.com/jobs/view/general-labour-packer-at-pure-flavor%C2%AE-farms-4436934887,General Labour - Packer,,scraped,2026-07-07T01:57:51.621357,
c970e811660ca1de,https://ca.linkedin.com/jobs/view/personal-support-worker-home-support-at-senior-home-care-by-angels-4436715191,personal support worker - home support,,scraped,2026-07-07T01:57:58.495970,
6f908caccb632eeb,https://ca.linkedin.com/jobs/view/driving-personal-support-worker-kingston-at-home-instead-4436070271,Driving Personal Support Worker - Kingston,Home Instead,posted,2026-07-07T01:58:58.197412,147
8c2bcb4cde1ff1eb,https://ca.linkedin.com/jobs/view/package-handler-warehouse-like-at-fedex-canada-4434799245,Package Handler (Warehouse like),,scraped,2026-07-07T01:59:00.826660,
3171fd92aaf18e5b,https://ca.linkedin.com/jobs/view/account-manager-at-white-cap-canada-4437485156,Account Manager,,scraped,2026-07-07T01:59:07.828617,
b61522d0cf10ba6f,https://ca.linkedin.com/jobs/view/hockey-agent-at-ft-sports-4436264317,Hockey Agent,FT Sports,posted,2026-07-07T01:59:24.916149,149
e8af6c3b6da5c206,https://ca.linkedin.com/jobs/view/customer-service-clerk-at-wearwell-garments-limited-4436949213,customer service clerk,,scraped,2026-07-07T01:59:27.569092,
308f9002352e2bd2,https://ca.linkedin.com/jobs/view/nordic-spa-attendant-at-pomeroy-lodging-4431989476,Nordic Spa Attendant,,scraped,2026-07-07T01:59:34.606016,
4ab4f8724443c10e,https://ca.linkedin.com/jobs/view/maintenance-millwright-at-ferrero-4343320305,Maintenance Millwright,,scraped,2026-07-07T01:59:43.017936,
b963fe5d67da2516,https://ca.linkedin.com/jobs/view/thrift-store-clerk-at-the-salvation-army-in-canada-4435250566,Thrift Store Clerk,,scraped,2026-07-07T01:59:51.239299,
2b3fda2e518f9d2b,https://ca.linkedin.com/jobs/view/guest-experience-lead-bower-place-at-lululemon-4433139806,Guest Experience Lead | Bower Place,,scraped,2026-07-07T01:59:58.255982,
afa83a13b70ea301,https://ca.linkedin.com/jobs/view/food-preparer-at-o-sho-japanese-restaurant-4436943325,food preparer,,scraped,2026-07-07T02:00:05.103539,
fc6e54fd02907cb3,https://ca.linkedin.com/jobs/view/coordinator-resource-management-at-mnp-4417437441,"Coordinator, Resource Management",,scraped,2026-07-07T02:00:21.424726,
45fb9a8f0ed8ddb2,https://ca.linkedin.com/jobs/view/billing-clerk-at-right-traffic-4424626472,Billing Clerk,,scraped,2026-07-07T02:00:27.995148,
10fc31b8d00f8e6c,https://ca.linkedin.com/jobs/view/strategic-development-specialist-at-emco-corporation-plumbing-hvac-waterworks-industrial-irrigation-fire-protection-4435209363,Strategic Development Specialist,"Emco Corporation: Plumbing, HVAC, Waterworks, Industrial, Irrigation, Fire Protection",posted,2026-07-07T02:00:46.276716,151
b129d0bcdb6a2570,https://ca.linkedin.com/jobs/view/about-little-burgundy-at-little-burgundy-shoes-4436008067,About Little Burgundy,,scraped,2026-07-07T02:00:48.924111,
07cd8bd3c3231b95,https://ca.linkedin.com/jobs/view/mortgage-associate-new-brunswick-at-perch-mortgages-simplified-4437100196,Mortgage Associate (New Brunswick),,scraped,2026-07-07T02:00:55.696017,
979b095f319ec4e7,https://ca.linkedin.com/jobs/view/customer-service-representative-at-circle-k-4434351428,Customer Service Representative,,scraped,2026-07-07T02:01:03.079925,
43aea53669818cfc,https://ca.linkedin.com/jobs/view/housekeeper-at-bayshore-healthcare-4423164511,Housekeeper,,scraped,2026-07-07T02:01:09.630382,
9fecf16657300a4b,https://ca.linkedin.com/jobs/view/meat-associate-at-walmart-canada-4397870526,Meat Associate,,scraped,2026-07-07T02:01:16.724929,
f0a9012eca8cf706,https://ca.linkedin.com/jobs/view/can-omni-customer-fulfillment-associate-at-walmart-canada-4399314060,(CAN) OMNI Customer Fulfillment Associate,,scraped,2026-07-07T02:01:23.389557,
374786794539c11e,https://ca.linkedin.com/jobs/view/can-omni-customer-fulfillment-associate-at-walmart-canada-4412258247,(CAN) OMNI Customer Fulfillment Associate,,scraped,2026-07-07T02:01:30.109396,
77687de59448f5b7,https://ca.linkedin.com/jobs/view/merchandiser-hourly-full-time-day-at-shoppers-drug-mart-4437472197,"Merchandiser, Hourly Full Time Day",,scraped,2026-07-07T02:01:36.598095,
0e739cdb374fd453,https://ca.linkedin.com/jobs/view/can-over-the-counter-associate-at-walmart-canada-4414017989,(CAN) Over-the-Counter Associate,,scraped,2026-07-07T02:01:43.441449,
f635444b01ff92f4,https://ca.linkedin.com/jobs/view/produce-stocker-at-walmart-canada-4406418662,Produce Stocker,,scraped,2026-07-07T02:01:49.931644,
54ec4e875b3888a2,https://ca.linkedin.com/jobs/view/front-desk-north-burnaby-at-cactus-club-cafe-4252702481,Front Desk | North Burnaby,,scraped,2026-07-07T02:01:56.381291,
d3ea46b46b3ca7c8,https://ca.linkedin.com/jobs/view/self-checkout-attendant-at-walmart-canada-4417109585,Self Checkout Attendant,,scraped,2026-07-07T02:02:02.883186,
cbb005bf5d87be38,https://ca.linkedin.com/jobs/view/can-self-checkout-attendant-cashier-at-walmart-canada-4413660361,(Can) self checkout attendant / cashier,,scraped,2026-07-07T02:02:09.369953,
aea26b480c4b51f9,https://ca.linkedin.com/jobs/view/dairy-frozen-department-manager-at-walmart-canada-4413642893,Dairy / Frozen Department Manager,,scraped,2026-07-07T02:02:16.186421,
25975b1eba911f93,https://ca.linkedin.com/jobs/view/can-bakery-associate-at-walmart-canada-4414824752,(CAN) Bakery Associate,,scraped,2026-07-07T02:02:22.659167,
04b3a1b964d1e6a2,https://ca.linkedin.com/jobs/view/customer-service-representative-at-u-haul-4436154373,Customer Service Representative,U-Haul,posted,2026-07-07T02:02:41.928157,31
fe38feab091c1fc0,https://ca.linkedin.com/jobs/view/overnight-freight-department-supervisor-full-time-7236-timmins-at-the-home-depot-canada-4435437793,Overnight Freight Department Supervisor Full-Time - 7236 Timmins,,scraped,2026-07-07T02:02:44.590445,
75e6876fb33152a0,https://ca.linkedin.com/jobs/view/assistant-store-manager-full-time-day-at-loblaw-companies-limited-4437128127,Assistant Store Manager Full Time Day,,scraped,2026-07-07T02:02:51.426275,
f3aa6a20129c23ff,https://ca.linkedin.com/jobs/view/produce-stocker-at-walmart-canada-4416789849,PRODUCE STOCKER,,scraped,2026-07-07T02:02:58.593138,
265f56a7bc027de9,https://ca.linkedin.com/jobs/view/beauty-manager-at-loblaw-companies-limited-4418477014,Beauty Manager,,scraped,2026-07-07T02:03:05.161317,
defed7f3d26c7533,https://ca.linkedin.com/jobs/view/can-overnight-associate-at-walmart-canada-4406095579,(CAN) Overnight Associate,,scraped,2026-07-07T02:03:11.885570,
7c2b31bc8ebc964e,https://ca.linkedin.com/jobs/view/pharmacist-at-shoppers-drug-mart-4437190934,Pharmacist,,scraped,2026-07-07T02:03:18.300049,
